direccion,nombre_direccion,comuna
442,cedar avenue 202,santiago
1049,laurel drive 4110,la ligua
1018,williams street 1075,coquimbo
665,pleasant street 3645,santiago
883,pleasant street 2965,punta arenas
519,garfield avenue 656,santiago
593,john street 835,arica
664,orchard avenue 2765,providencia
197,clay street 422,arica
476,williams street 3445,la ligua
251,madison avenue 139,la serena
516,route 30 4375,arica
699,river street 3781,la serena
286,laurel drive 2916,san joaquin
860,broad street 2653,providencia
963,rose street 366,arica
493,avda. pajaritos 5090,buin
226,atlantic avenue 2281,providencia
443,carlos dittborn 300,coquimbo
1095,front street north 4989,buin
414,orchard avenue 1593,san joaquin
1063,laurel lane 782,la ligua
820,windsor drive 954,santiago
133,heather lane 2100,providencia
387,court street 2044,la ligua
290,atlantic avenue 3142,arica
458,front street north 3947,arica
93,route 30 245,santiago
623,charles street 2242,providencia
1028,briarwood drive 1977,la ligua
829,devon court 2686,buin
16,hanover court 4980,la ligua
647,franklin court 1713,valparaiso
604,broad street 2166,valparaiso
10,king street 2722,la serena
33,briarwood drive 3071,arica
687,cottage street 2304,buin
408,fairway drive 4281,valparaiso
548,ann street 2364,arica
983,king street 2216,punta arenas
199,av. tobalaba 117,santiago
755,monroe street 3881,coquimbo
926,fairway drive 4763,arica
691,summit avenue 4735,la ligua
849,willow avenue 653,coquimbo
365,main street 4571,coquimbo
263,warren avenue 295,santiago
890,madison avenue 3129,san joaquin
430,ann street 1084,providencia
794,john street 2390,valparaiso
1059,pleasant street 1866,buin
449,willow avenue 1545,la ligua
884,linden avenue 4782,coquimbo
109,route 1 3200,coquimbo
615,john street 2805,arica
921,broad street 4962,santiago
472,king street 2313,buin
852,maiden lane 1610,punta arenas
308,atlantic avenue 4105,buin
182,willow avenue 4808,arica
935,route 1 4194,providencia
88,main street 3682,santiago
319,highland drive 3472,san joaquin
574,ann street 1662,punta arenas
46,av. san pablo 6190,la serena
819,woodland drive 4124,valparaiso
811,jefferson avenue 3085,la ligua
738,laurel drive 738,punta arenas
788,franklin court 683,buin
370,country club road 4157,buin
684,broad street 3091,arica
589,atlantic avenue 2542,providencia
689,willow avenue 227,la ligua
909,arlington avenue 1723,san joaquin
259,pleasant street 3100,punta arenas
981,willow avenue 3098,coquimbo
790,cedar avenue 3465,providencia
927,highland drive 267,santiago
842,maiden lane 3659,punta arenas
43,cottage street 2598,providencia
717,grand avenue 2550,arica
82,summit avenue 3284,valparaiso
1035,franklin avenue 1555,arica
569,hanover court 2373,la serena
302,laurel lane 4391,san joaquin
127,cottage street 3351,la ligua
667,jefferson avenue 96,arica
291,laurel drive 149,coquimbo
411,andover court 2409,la serena
685,cottage street 972,arica
47,madison avenue 4519,punta arenas
525,grand avenue 3033,coquimbo
1012,heather lane 4899,coquimbo
1037,route 1 4389,santiago
704,laurel lane 3441,punta arenas
35,williams street 3205,punta arenas
813,ann street 3281,providencia
413,devon court 3671,la serena
73,white street 3347,coquimbo
1043,pleasant street 3890,punta arenas
194,main street 1289,la serena
310,av. nueva providencia 2249,punta arenas
942,warren avenue 4381,punta arenas
1060,av. tobalaba 117,punta arenas
897,clay street 3287,arica
129,clay street 2540,buin
924,hanover court 3982,arica
751,front street north 1244,providencia
241,monroe street 2206,la ligua
229,ann street 4403,santiago
916,clay street 3512,la serena
838,route 30 1493,coquimbo
313,river street 4457,la serena
6,white street 2449,arica
344,briarwood drive 3263,la serena
953,laurel lane 3600,la ligua
121,highland drive 3387,buin
879,essex court 922,punta arenas
213,court street 2153,la serena
228,devon court 3201,la ligua
986,windsor drive 369,la serena
988,maiden lane 4101,buin
358,front street north 137,la serena
230,river street 1089,la serena
752,arlington avenue 4835,providencia
920,essex court 103,providencia
483,laurel lane 3130,la ligua
299,cottage street 2289,punta arenas
107,john street 2613,buin
1094,grand avenue 3479,san joaquin
898,essex court 2688,la serena
491,grand avenue 4437,la serena
874,forest street 2303,arica
840,john street 2141,coquimbo
195,av. departamental 1901,providencia
549,orchard avenue 2312,arica
530,av. carlos valdovinos 3346,santiago
1050,main street 2473,valparaiso
783,summit avenue 136,punta arenas
913,clay street 1685,la serena
812,grand avenue 50,coquimbo
8,cedar lane 2100,providencia
94,river street 604,la serena
304,monroe street 4619,santiago
410,atlantic avenue 1956,la ligua
135,charles street 3434,san joaquin
835,fairway drive 3619,la ligua
1009,compañía de jesús n°1625,santiago
828,briarwood drive 1882,arica
89,highland drive 4146,providencia
148,laurel drive 3088,arica
831,woodland drive 116,san joaquin
173,franklin court 3949,valparaiso
1080,laurel drive 1156,valparaiso
393,cedar avenue 3394,punta arenas
52,warren avenue 654,arica
821,olive street 2740,la serena
415,cedar avenue 85,la serena
670,forest street 657,la serena
416,river street 3285,providencia
85,route 30 4066,santiago
20,martín de solier 4598,la ligua
546,warren avenue 4549,la serena
1097,av. vicuña mackenna 2601,arica
134,andover court 4045,santiago
923,main street 4574,valparaiso
566,eliodoro yañez 2987,punta arenas
359,atlantic avenue 4489,providencia
605,arlington avenue 2379,arica
542,garfield avenue 2452,coquimbo
489,front street north 392,buin
518,olive street 4288,valparaiso
261,av. ricardo cumming 502,la serena
183,cedar lane 561,coquimbo
314,cottage street 2707,santiago
954,route 30 2584,san joaquin
769,hanover court 3048,valparaiso
293,franklin avenue 1160,la serena
899,fairway drive 1668,san joaquin
339,white street 2184,buin
786,hanover court 4193,la ligua
877,summit avenue 2305,valparaiso
162,river street 1264,san joaquin
826,garfield avenue 2780,la ligua
656,orchard avenue 3302,coquimbo
249,essex court 2441,providencia
1007,avda. laguna sur 7297,valparaiso
169,heather lane 4463,providencia
791,willow avenue 2184,coquimbo
475,arlington avenue 2908,la serena
736,arlington avenue 325,la ligua
388,francisco bilbao 3785,la serena
482,essex court 773,santiago
124,maiden lane 1986,coquimbo
14,king street 2468,coquimbo
764,olive street 4663,punta arenas
1029,country club road 4802,la ligua
512,atlantic avenue 4686,santiago
65,monroe street 2011,buin
375,andover court 3651,coquimbo
147,ann street 3244,buin
775,ann street 1441,san joaquin
973,woodland drive 2006,san joaquin
872,summit avenue 3409,buin
865,arlington avenue 648,punta arenas
168,main street 115,arica
602,monroe street 3763,la serena
383,franklin avenue 4036,providencia
106,essex court 1867,santiago
553,arlington avenue 831,la serena
235,highland drive 4991,san joaquin
528,laurel lane 4602,santiago
1023,willow avenue 2919,buin
298,grand avenue 2112,arica
657,court street 1293,buin
563,olive street 652,buin
721,front street north 4784,arica
136,monroe street 3788,arica
132,laurel lane 4090,arica
740,main street 2068,punta arenas
768,heather lane 4365,valparaiso
749,franklin court 3590,coquimbo
710,orchard avenue 4853,la serena
477,maiden lane 152,la ligua
785,cottage street 80,punta arenas
390,atlantic avenue 2932,buin
709,route 1 2027,buin
795,woodland drive 59,buin
407,linden avenue 4803,coquimbo
1019,franklin court 1506,providencia
697,franklin avenue 4126,buin
731,windsor drive 2400,providencia
1091,atlantic avenue 673,arica
523,country club road 2062,santiago
340,olive street 4525,providencia
974,front street north 2918,coquimbo
347,willow avenue 4570,punta arenas
1032,windsor drive 3637,providencia
480,garfield avenue 3840,coquimbo
188,monroe street 799,san joaquin
770,king street 2163,la ligua
237,summit avenue 628,arica
878,river street 1280,coquimbo
30,river street 1195,punta arenas
646,laurel lane 2040,arica
165,pleasant street 336,san joaquin
391,grand avenue 1516,santiago
371,clay street 227,arica
945,court street 1878,providencia
873,woodland drive 4220,santiago
62,grand avenue 3236,punta arenas
457,cottage street 3812,arica
294,country club road 4834,valparaiso
312,willow avenue 483,providencia
412,charles street 1899,la ligua
300,woodland drive 59,la serena
1051,avda. americo vespucio 1775,punta arenas
853,franklin court 4846,punta arenas
334,river street 2083,la serena
943,warren avenue 4844,punta arenas
360,clay street 2767,santiago
844,orchard avenue 3018,san joaquin
231,jefferson avenue 4092,la serena
345,broad street 1655,providencia
276,clay street 750,la serena
1078,andover court 649,punta arenas
254,highland drive 4013,coquimbo
1067,front street north 361,valparaiso
122,andover court 647,la ligua
892,laurel lane 2704,san joaquin
1065,hanover court 330,buin
594,arlington avenue 4972,arica
417,av. irarrazaval 351,buin
644,route 1 1200,valparaiso
421,grand avenue 1516,coquimbo
57,broad street 3096,valparaiso
301,orchard avenue 3603,providencia
600,john street 2589,coquimbo
81,heather lane 4358,providencia
151,king street 3890,coquimbo
746,woodland drive 3484,la ligua
434,orchard avenue 4597,la serena
440,av. general rondizzoni 1650,punta arenas
217,laurel drive 3282,la serena
141,madison avenue 3001,san joaquin
997,rose street 1877,santiago
336,route 1 4790,coquimbo
200,gran avenida josé miguel carrera 8870,la serena
409,ann street 2519,san joaquin
400,essex court 2701,punta arenas
490,maiden lane 3658,providencia
499,route 30 2227,buin
513,av. providencia 011,santiago
947,maiden lane 2048,arica
209,essex court 2503,san joaquin
708,orchard avenue 2077,buin
240,river street 737,buin
896,heather lane 3873,la serena
436,willow avenue 2640,la serena
719,king street 3130,san joaquin
172,crescent street 4607,santiago
583,king street 1142,la serena
206,devon court 3528,santiago
68,john street 2804,la serena
782,arlington avenue 876,la ligua
641,devon court 2571,santiago
814,main street 1892,san joaquin
144,monroe street 837,santiago
112,john street 3064,buin
211,route 1 2885,coquimbo
581,cedar lane 3237,providencia
7,rose street 801,arica
216,court street 3757,santiago
624,river street 682,providencia
114,charles street 2276,providencia
140,clay street 2957,buin
67,atlantic avenue 3657,providencia
1038,pleasant street 807,valparaiso
316,orchard avenue 376,valparaiso
1031,front street north 1593,arica
116,av. libertador bernardo o`higgins 1774,la ligua
297,hanover court 967,providencia
885,charles street 158,santiago
744,crescent street 1818,santiago
44,river street 3210,santiago
949,garfield avenue 2563,punta arenas
139,rose street 2454,la ligua
455,river street 3296,arica
642,garfield avenue 1232,la serena
587,devon court 267,valparaiso
707,river street 3581,la serena
784,cedar avenue 226,san joaquin
598,highland drive 4538,valparaiso
364,court street 2180,providencia
702,garfield avenue 4720,punta arenas
77,hanover court 4370,santiago
993,heather lane 4128,la ligua
547,catedral 1512,santiago
965,clay street 4224,buin
550,grand avenue 2551,arica
1021,willow avenue 1302,santiago
616,williams street 661,la serena
49,av. santa rosa 8914,arica
5,laurel lane 3292,valparaiso
891,atlantic avenue 2497,arica
215,franklin avenue 4601,san joaquin
103,route 30 1592,buin
284,warren avenue 4563,la ligua
532,laurel lane 2512,la serena
925,king street 652,punta arenas
681,willow avenue 421,santiago
653,highland drive 3424,santiago
599,madison avenue 768,punta arenas
341,king street 3741,la ligua
515,devon court 537,valparaiso
540,warren avenue 2279,arica
45,country club road 4213,santiago
247,country club road 1963,arica
331,route 1 2935,arica
651,franklin avenue 1230,santiago
596,ann street 4222,la serena
951,fairway drive 823,la serena
1056,linden avenue 928,punta arenas
696,grand avenue 4477,san joaquin
329,main street 1443,punta arenas
502,jefferson avenue 1493,la ligua
150,olive street 3043,valparaiso
805,franklin court 2990,la serena
269,arlington avenue 4121,coquimbo
527,jefferson avenue 3467,la ligua
466,briarwood drive 1647,valparaiso
871,willow avenue 4120,la ligua
797,heather lane 844,la ligua
507,williams street 4341,valparaiso
825,arlington avenue 3914,arica
882,charles street 3109,coquimbo
272,summit avenue 226,valparaiso
55,cedar avenue 2199,providencia
281,john street 3146,la serena
143,arlington avenue 268,providencia
1096,warren avenue 213,buin
196,white street 2213,la ligua
234,crescent street 4239,san joaquin
869,broad street 4726,punta arenas
258,highland drive 278,coquimbo
71,rose street 4552,providencia
273,maiden lane 4538,arica
1,devon court 3282,valparaiso
267,clay street 3322,coquimbo
655,cedar avenue 1075,santiago
991,ignacio carrera pinto altura 661,punta arenas
763,linden avenue 136,la serena
190,woodland drive 3915,buin
406,jefferson avenue 3432,valparaiso
557,madison avenue 230,la serena
619,maiden lane 3734,la ligua
376,laurel lane 3861,providencia
398,general mackenna 1100,san joaquin
715,linden avenue 2525,coquimbo
1057,pleasant street 141,la ligua
622,av. san pablo 6190,santiago
757,route 30 1523,buin
146,mosqueto 515,providencia
1000,atlantic avenue 2974,punta arenas
750,orchard avenue 2674,coquimbo
609,rose street 669,valparaiso
802,ann street 600,arica
494,jefferson avenue 495,santiago
451,andover court 3074,coquimbo
734,clay street 895,buin
95,arlington avenue 1366,valparaiso
686,hanover court 2200,arica
830,maiden lane 4448,la serena
12,crescent street 1425,providencia
859,route 30 3987,santiago
352,devon court 2680,coquimbo
937,heather lane 864,san joaquin
322,white street 4278,coquimbo
1030,front street north 2761,providencia
96,devon court 3672,la ligua
343,jefferson avenue 3742,valparaiso
510,broad street 1832,providencia
931,olive street 2061,coquimbo
1017,orchard avenue 3645,punta arenas
990,willow avenue 1409,santiago
1041,willow avenue 4071,arica
450,river street 497,valparaiso
537,grand avenue 309,la ligua
901,fairway drive 888,valparaiso
356,devon court 2297,providencia
970,cedar lane 3033,providencia
556,williams street 3024,buin
968,front street north 2203,santiago
1066,ann street 2086,arica
86,jefferson avenue 3041,la serena
728,cottage street 3751,la ligua
688,williams street 3223,la serena
233,av. grecia 2298,punta arenas
625,franklin court 4591,la ligua
1064,country club road 2692,coquimbo
690,king street 3020,santiago
361,garfield avenue 2017,la ligua
539,cedar avenue 532,punta arenas
834,cedar lane 1937,coquimbo
582,white street 834,providencia
894,fairway drive 477,santiago
1085,andover court 4646,valparaiso
700,clay street 4751,la serena
157,summit avenue 3326,la ligua
160,avda. concha y toro 3999,valparaiso
285,crescent street 822,providencia
535,devon court 486,arica
741,clay street 4552,arica
191,linden avenue 1271,arica
1077,franklin court 3640,la serena
75,madison avenue 977,coquimbo
911,court street 2690,arica
1086,clay street 2044,buin
404,warren avenue 307,santiago
774,country club road 3172,punta arenas
318,williams street 2395,santiago
295,king street 2448,providencia
145,river street 4818,la serena
980,andover court 3234,santiago
904,clay street 835,punta arenas
366,court street 4965,arica
125,cedar lane 71,buin
658,broad street 787,la ligua
4,hanover court 3979,buin
395,john street 4672,la ligua
522,broad street 987,santiago
389,laurel drive 660,providencia
159,monroe street 4067,la ligua
928,main street 992,santiago
579,maiden lane 704,valparaiso
1073,francisco bilbao 084,valparaiso
718,windsor drive 987,santiago
730,andover court 519,la serena
374,laurel drive 3156,providencia
713,clay street 3178,san joaquin
918,grand avenue 935,la serena
37,cottage street 2329,providencia
154,fairway drive 2033,santiago
590,willow avenue 2535,la serena
36,woodland drive 3560,san joaquin
850,av. providencia 1880,valparaiso
680,warren avenue 4339,santiago
638,country club road 890,arica
76,charles street 1832,la serena
618,maiden lane 584,valparaiso
1006,grand avenue 3499,punta arenas
863,white street 2134,punta arenas
524,highland drive 2965,valparaiso
321,main street 2560,valparaiso
198,av. gral. bonilla 8220,buin
555,av. apoquindo 7095,santiago
695,main street 214,santiago
218,front street north 2994,buin
606,river street 2143,buin
448,rose street 2406,la ligua
833,grand avenue 2684,arica
867,crescent street 1459,la serena
72,grand avenue 2209,coquimbo
934,highland drive 2749,providencia
745,franklin avenue 2768,santiago
153,grand avenue 1522,buin
1002,essex court 1146,providencia
967,route 30 740,san joaquin
1087,andover court 4184,valparaiso
24,route 30 3391,la serena
857,av. pajaritos 1921,valparaiso
521,jefferson avenue 540,arica
668,white street 3589,buin
246,laurel lane 1405,la ligua
543,crescent street 4981,santiago
39,heather lane 2758,arica
181,monroe street 1385,santiago
399,cottage street 2531,buin
379,charles street 4929,la serena
382,clay street 2293,providencia
675,franklin avenue 2101,buin
380,andover court 1355,la serena
780,route 1 3173,san joaquin
452,forest street 3040,arica
224,crescent street 3505,la serena
652,essex court 1003,santiago
767,cottage street 4941,san joaquin
578,franklin avenue 2321,punta arenas
84,fairway drive 4660,la ligua
955,willow avenue 4552,coquimbo
238,av. irarrázaval 2461,santiago
487,hanover court 545,punta arenas
208,front street north 632,arica
841,laurel drive 1290,buin
880,river street 3553,providencia
161,cottage street 2258,santiago
1044,white street 1153,punta arenas
914,laurel lane 3419,providencia
1089,warren avenue 3568,valparaiso
381,warren avenue 146,providencia
567,crescent street 3697,buin
816,charles street 1777,san joaquin
868,front street north 4654,punta arenas
648,main street 2736,providencia
184,highland drive 886,san joaquin
735,orchard avenue 87,providencia
995,fairway drive 1802,coquimbo
633,river street 4089,la ligua
378,franklin court 1511,la serena
287,grand avenue 1962,valparaiso
985,nataniel cox 2370,providencia
70,main street 207,buin
239,av. neptuno oriente frente al 260,valparaiso
592,orchard avenue 1902,punta arenas
174,john street 2386,la serena
325,summit avenue 3228,coquimbo
351,andover court 3454,la ligua
177,windsor drive 1335,la ligua
1088,route 1 3950,arica
97,broad street 295,la serena
672,devon court 627,arica
984,monroe street 4223,san joaquin
264,laurel lane 2035,punta arenas
256,woodland drive 2515,san joaquin
959,king street 4077,punta arenas
958,williams street 4489,coquimbo
541,av. teniente cruz 800,arica
394,linden avenue 2662,la serena
1039,andover court 3456,san joaquin
333,las bellotas 200,coquimbo
131,charles street 983,la ligua
683,madison avenue 1078,la ligua
373,heather lane 1991,coquimbo
117,linden avenue 2922,buin
645,hanover court 264,la ligua
368,white street 2317,valparaiso
628,rose street 1162,san joaquin
401,river street 746,san joaquin
960,highland drive 528,santiago
428,heather lane 3233,la serena
54,garfield avenue 4144,coquimbo
807,crescent street 2472,san joaquin
727,pleasant street 2789,buin
346,white street 3799,santiago
560,main street 2504,buin
271,briarwood drive 3577,san joaquin
203,devon court 2205,valparaiso
773,rose street 3267,providencia
561,av. pedro de valdivia 1664,valparaiso
848,olive street 4254,la ligua
756,john street 4986,buin
956,summit avenue 787,san joaquin
765,route 30 2876,la serena
544,route 1 4882,la serena
110,charles street 1972,coquimbo
142,clay street 3319,valparaiso
79,arlington avenue 1291,buin
40,broad street 1159,coquimbo
508,windsor drive 3581,arica
888,front street north 1661,punta arenas
453,front street north 3343,punta arenas
250,charles street 3718,arica
278,john street 1387,la serena
504,pleasant street 3468,santiago
571,hanover court 4550,santiago
978,court street 3186,punta arenas
772,monroe street 4209,providencia
576,pleasant street 4994,punta arenas
1052,av. einstein 601,arica
777,franklin avenue 1230,buin
357,clay street 2428,la serena
51,ann street 3299,punta arenas
847,highland drive 4678,buin
327,olive street 2800,punta arenas
1042,king street 4035,santiago
433,madison avenue 4799,la serena
509,main street 1587,buin
98,woodland drive 1518,san joaquin
186,grand avenue 2643,san joaquin
1084,maiden lane 3379,valparaiso
384,cedar lane 347,la ligua
739,atlantic avenue 1529,coquimbo
1004,crescent street 3591,valparaiso
315,laurel lane 2762,providencia
1027,rose street 924,buin
957,garfield avenue 1770,valparaiso
486,front street north 2520,san joaquin
796,briarwood drive 3062,arica
119,heather lane 619,providencia
977,charles street 4122,providencia
771,river street 902,arica
1069,ann street 3644,buin
185,charles street 2796,providencia
839,pleasant street 4545,la serena
201,clay street 1372,buin
83,route 30 786,buin
545,king street 3801,santiago
663,front street north 4949,providencia
289,fairway drive 3925,la ligua
962,madison avenue 4442,punta arenas
1047,atlantic avenue 4346,arica
445,ann street 2635,punta arenas
851,forest street 4314,arica
806,highland drive 4574,la serena
431,arlington avenue 109,san joaquin
372,main street 2485,arica
15,fairway drive 1345,san joaquin
966,monroe street 3116,valparaiso
1092,john street 4343,san joaquin
1005,fairway drive 150,coquimbo
938,andover court 1949,la ligua
270,monroe street 1078,san joaquin
511,grand avenue 4640,arica
759,forest street 2493,santiago
712,country club road 3557,arica
1025,warren avenue 2906,buin
460,cedar lane 315,santiago
138,king street 1025,coquimbo
724,briarwood drive 2036,providencia
99,maiden lane 3721,buin
212,windsor drive 527,arica
324,rose street 3186,san joaquin
166,river street 3120,la ligua
810,crescent street 2430,punta arenas
28,heather lane 1747,providencia
932,orchard avenue 382,la serena
586,route 30 3527,punta arenas
824,atlantic avenue 2423,la serena
533,john street 4729,la ligua
676,maiden lane 441,buin
1061,river street 1261,buin
317,orchard avenue 3076,punta arenas
906,clay street 2633,punta arenas
650,pleasant street 665,providencia
423,forest street 2220,la ligua
930,hanover court 630,punta arenas
56,olive street 3781,la serena
534,charles street 4082,la serena
526,highland drive 4325,valparaiso
631,franklin avenue 2144,valparaiso
907,madison avenue 467,buin
149,grand avenue 4767,coquimbo
808,maiden lane 4676,coquimbo
703,rose street 4188,la serena
118,court street 3348,buin
659,grand avenue 1541,san joaquin
435,cedar lane 4637,buin
485,williams street 2863,valparaiso
822,monroe street 4744,arica
1053,route 1 474,buin
621,woodland drive 3706,la serena
353,jefferson avenue 3341,la serena
799,charles street 3906,valparaiso
964,warren avenue 4290,buin
108,warren avenue 2893,punta arenas
252,warren avenue 1987,buin
348,devon court 4768,la ligua
870,laurel drive 4275,punta arenas
827,king street 3002,buin
53,front street north 2093,valparaiso
275,crescent street 108,la serena
803,cottage street 3755,santiago
386,windsor drive 2846,buin
429,orchard avenue 2495,la serena
1068,briarwood drive 1206,punta arenas
465,devon court 1840,valparaiso
762,pleasant street 2522,arica
328,atlantic avenue 2134,valparaiso
992,franklin avenue 306,providencia
204,franklin avenue 2649,punta arenas
1036,country club road 1435,la ligua
862,essex court 2542,santiago
220,av. recoleta 1502,la serena
471,maiden lane 3377,la ligua
130,av. santa rosa 2374,providencia
48,pleasant street 3809,buin
817,summit avenue 2923,la ligua
262,laurel lane 185,valparaiso
950,franklin court 4082,la ligua
23,broad street 2167,buin
517,olive street 2656,santiago
163,monroe street 722,buin
354,essex court 4795,santiago
214,arlington avenue 2472,punta arenas
876,main street 1737,arica
698,willow avenue 2889,coquimbo
903,summit avenue 1816,la serena
277,clay street 871,la ligua
441,river street 2787,valparaiso
902,linden avenue 3931,santiago
419,essex court 417,arica
337,pleasant street 3593,la serena
711,main street 3605,coquimbo
678,river street 4789,valparaiso
778,21 de mayo 543,san joaquin
908,rose street 3150,arica
330,highland drive 4637,providencia
115,toesca 1635,la ligua
26,windsor drive 4262,punta arenas
845,court street 2099,valparaiso
585,laurel drive 3276,valparaiso
781,williams street 317,la serena
779,court street 3427,san joaquin
572,maiden lane 2307,valparaiso
693,jefferson avenue 4153,san joaquin
674,monroe street 4545,buin
496,madison avenue 4835,coquimbo
568,heather lane 1013,valparaiso
858,heather lane 3389,valparaiso
603,john street 1113,providencia
846,briarwood drive 4516,la ligua
355,madison avenue 70,punta arenas
473,charles street 2971,buin
558,hanover court 978,buin
18,king street 1466,santiago
32,orchard avenue 1304,coquimbo
798,court street 782,la serena
462,andover court 2810,providencia
662,king street 482,arica
972,highland drive 1326,santiago
660,ann street 389,la ligua
288,charles street 2985,coquimbo
484,windsor drive 2832,punta arenas
1090,fairway drive 621,la ligua
564,charles street 4347,la serena
155,broad street 1315,punta arenas
742,summit avenue 1949,la ligua
422,fairway drive 3306,arica
305,fairway drive 4222,santiago
998,main street 2199,la ligua
495,route 1 443,providencia
192,court street 632,la ligua
737,atlantic avenue 4736,providencia
669,country club road 4784,coquimbo
31,white street 744,la serena
1003,route 1 494,coquimbo
743,john street 2411,la serena
979,fairway drive 4602,punta arenas
729,franklin avenue 3200,la serena
694,atlantic avenue 2163,coquimbo
1048,linden avenue 264,buin
432,ann street 829,buin
971,franklin avenue 4485,valparaiso
280,ann street 3226,providencia
559,john street 1867,punta arenas
363,forest street 2768,arica
611,atlantic avenue 3689,santiago
0,arlington avenue 4373,buin
19,broad street 4276,punta arenas
969,grand avenue 4148,arica
577,franklin court 3064,coquimbo
27,white street 1207,san joaquin
64,windsor drive 415,punta arenas
792,broad street 3821,buin
881,grand avenue 588,valparaiso
800,clay street 837,buin
961,laurel drive 1549,valparaiso
701,maiden lane 1583,providencia
804,route 1 3522,providencia
506,franklin avenue 4858,la ligua
223,country club road 841,san joaquin
639,willow avenue 1246,punta arenas
939,willow avenue 4910,san joaquin
946,rose street 4095,santiago
836,andover court 4388,la serena
307,charles street 1602,la ligua
649,franklin court 1370,la ligua
705,john street 1789,buin
952,white street 2547,santiago
661,highland drive 1885,la ligua
488,forest street 384,valparaiso
640,king street 3451,coquimbo
818,atlantic avenue 1980,punta arenas
260,cedar lane 3546,buin
754,white street 2344,coquimbo
1074,warren avenue 4898,buin
732,hanover court 1001,valparaiso
164,grand avenue 934,coquimbo
60,hanover court 2620,valparaiso
397,atlantic avenue 3806,la ligua
179,white street 4315,punta arenas
610,charles street 2233,santiago
500,cedar lane 3035,san joaquin
861,route 30 4341,arica
392,essex court 3391,la ligua
105,briarwood drive 3382,punta arenas
320,linden avenue 4404,coquimbo
554,av. recoleta 3202,coquimbo
207,clay street 818,san joaquin
34,broad street 1869,providencia
418,franklin avenue 1401,arica
501,gran avenida josé miguel carrera 8870,arica
113,franklin court 3459,coquimbo
350,rose street 4896,santiago
761,white street 343,la serena
864,orchard avenue 886,la serena
303,broad street 3333,la serena
565,andover court 3766,santiago
1075,monroe street 1071,valparaiso
461,court street 3062,arica
758,orchard avenue 1202,la serena
837,front street north 185,san joaquin
342,cedar avenue 4441,coquimbo
474,briarwood drive 780,providencia
219,john street 2441,santiago
61,pleasant street 2089,providencia
637,franklin court 514,la ligua
1046,linden avenue 2370,santiago
854,clay street 4486,santiago
255,clay street 4052,arica
426,broad street 3797,san joaquin
311,maiden lane 1589,coquimbo
1020,andover court 4130,providencia
933,willow avenue 3865,punta arenas
536,country club road 1654,santiago
671,court street 1927,arica
999,route 1 2187,valparaiso
766,forest street 4452,valparaiso
580,andover court 2023,santiago
591,ann street 589,punta arenas
171,woodland drive 1057,la ligua
673,river street 2804,providencia
1022,charles street 4581,la ligua
175,essex court 4227,valparaiso
242,olive street 836,buin
265,arlington avenue 668,providencia
349,heather lane 2710,valparaiso
268,av. apoquindo 8613,providencia
505,heather lane 1081,arica
292,olive street 4150,san joaquin
100,garfield avenue 2603,arica
481,atlantic avenue 3909,valparaiso
570,franklin avenue 3996,san joaquin
887,john street 3104,santiago
2,grand avenue 4592,san joaquin
706,woodland drive 775,buin
562,cedar lane 3545,coquimbo
613,linden avenue 1294,san joaquin
167,crescent street 1316,buin
21,front street north 1357,la serena
446,charles street 1043,la serena
221,linden avenue 2619,la ligua
720,ann street 640,punta arenas
635,jefferson avenue 1271,coquimbo
202,white street 1015,san joaquin
13,heather lane 2561,arica
520,clay street 134,santiago
104,broad street 2529,punta arenas
910,woodland drive 806,arica
464,williams street 2650,punta arenas
253,main street 2640,santiago
905,franklin court 158,arica
801,john street 3479,la ligua
722,linden avenue 2700,arica
178,williams street 968,arica
58,crescent street 3474,la serena
666,orchard avenue 447,arica
1010,broad street 3922,la serena
170,main street 3792,santiago
789,linden avenue 3998,arica
608,hanover court 4686,santiago
498,main street 3075,la ligua
38,maiden lane 4811,santiago
152,devon court 1310,santiago
102,williams street 3510,santiago
17,olive street 75,san joaquin
809,laurel drive 4610,valparaiso
682,ann street 4310,valparaiso
120,andover court 1178,arica
11,laurel drive 1854,la ligua
248,highland drive 3514,san joaquin
915,linden avenue 98,coquimbo
101,forest street 2952,punta arenas
584,grand avenue 2077,la serena
29,ann street 3843,santiago
326,madison avenue 3309,arica
529,willow avenue 4483,arica
3,essex court 2913,santiago
227,cedar avenue 1037,san joaquin
25,front street north 3783,santiago
1014,essex court 3964,providencia
607,essex court 332,la ligua
1013,clay street 4445,arica
91,route 30 67,santiago
396,andover court 2773,coquimbo
283,front street north 869,punta arenas
74,windsor drive 212,punta arenas
158,atlantic avenue 1604,valparaiso
726,woodland drive 3138,providencia
92,woodland drive 2853,santiago
266,forest street 230,coquimbo
439,av. general bonilla 5900,providencia
747,av. américo vespucio frente al 7340,providencia
1011,front street north 3262,santiago
210,placer 1310,buin
454,franklin avenue 980,coquimbo
1062,fairway drive 3306,valparaiso
643,route 30 1184,valparaiso
994,williams street 3944,arica
793,madison avenue 2422,buin
447,country club road 536,san joaquin
1081,highland drive 1213,valparaiso
875,broad street 4734,la serena
469,linden avenue 2658,valparaiso
424,white street 860,buin
912,fairway drive 3846,santiago
63,clay street 3396,arica
595,highland drive 1008,san joaquin
425,highland drive 2701,arica
128,windsor drive 670,coquimbo
236,route 30 2378,santiago
575,court street 3925,la ligua
948,summit avenue 3054,la serena
630,crescent street 2796,buin
41,maiden lane 1464,santiago
855,willow avenue 794,providencia
629,king street 4861,buin
982,essex court 1606,coquimbo
403,garfield avenue 885,coquimbo
479,woodland drive 3918,punta arenas
692,cedar lane 904,arica
137,essex court 4589,punta arenas
90,route 1 874,arica
257,white street 590,arica
497,av. vicuña mackenna 7897,providencia
760,olive street 3114,la ligua
748,heather lane 251,santiago
996,heather lane 2219,arica
588,briarwood drive 4966,coquimbo
22,summit avenue 2151,providencia
634,route 30 4475,providencia
723,devon court 1747,la serena
80,woodland drive 3788,santiago
470,front street north 2135,coquimbo
552,forest street 4752,coquimbo
405,john street 4289,la serena
617,rose street 3548,santiago
551,summit avenue 3160,punta arenas
1055,olive street 3159,arica
1024,woodland drive 4567,santiago
402,country club road 4542,coquimbo
889,clay street 4849,arica
437,williams street 652,punta arenas
514,clay street 250,providencia
459,windsor drive 1475,la ligua
677,heather lane 490,buin
438,highland drive 3737,coquimbo
893,arlington avenue 3422,santiago
531,fairway drive 4498,punta arenas
1054,essex court 565,buin
244,hanover court 233,santiago
975,linden avenue 3536,coquimbo
627,heather lane 744,coquimbo
279,country club road 3620,santiago
193,ann street 1799,coquimbo
78,summit avenue 1846,arica
180,pleasant street 373,arica
309,route 1 2262,valparaiso
1076,route 1 3510,arica
377,river street 4029,buin
1045,cedar lane 4827,valparaiso
1071,devon court 1277,san joaquin
753,williams street 4508,santiago
296,cottage street 158,providencia
929,laurel lane 3889,punta arenas
9,king street 4431,santiago
478,laurel drive 3477,buin
362,front street north 1809,santiago
456,river street 4882,providencia
1001,cedar avenue 2582,san joaquin
815,forest street 4107,la serena
274,orchard avenue 229,arica
895,route 1 3324,la serena
714,court street 1500,santiago
1070,front street north 3479,coquimbo
335,hanover court 4895,arica
733,white street 735,arica
976,summit avenue 2386,la serena
1016,av. macul 6309,arica
243,woodland drive 1189,valparaiso
987,willow avenue 1175,la serena
823,willow avenue 1859,coquimbo
59,olive street 3470,arica
369,grand avenue 1748,arica
601,atlantic avenue 565,la serena
936,essex court 2317,la ligua
626,crescent street 1888,arica
111,briarwood drive 878,valparaiso
306,forest street 2442,santiago
420,river street 1019,coquimbo
503,highland drive 4275,la serena
843,woodland drive 2282,la serena
940,laurel lane 213,santiago
156,olive street 4029,la serena
776,catedral 3336,la serena
1093,briarwood drive 4938,coquimbo
42,warren avenue 323,buin
716,clay street 3713,arica
69,carlos dittborn 733,la serena
1082,river street 2176,valparaiso
597,laurel lane 384,valparaiso
176,essex court 2063,providencia
1033,williams street 2504,la ligua
444,hanover court 4199,valparaiso
492,crescent street 4274,coquimbo
50,summit avenue 1417,buin
1079,av. providencia 1337,providencia
222,highland drive 2644,santiago
245,john street 2175,la ligua
1008,andover court 4195,valparaiso
886,highland drive 1691,coquimbo
189,grand avenue 1590,santiago
1040,laurel drive 2803,providencia
1034,king street 2579,santiago
123,woodland drive 3813,la serena
944,devon court 1001,arica
332,franklin court 4817,arica
1026,essex court 3042,punta arenas
620,country club road 1660,coquimbo
919,garfield avenue 4106,la ligua
856,river street 4629,buin
787,atlantic avenue 3425,santiago
1083,woodland drive 2729,valparaiso
1015,av. manuel antonio matta 1704,valparaiso
614,cedar lane 3337,buin
832,franklin court 3534,la serena
232,cottage street 4390,valparaiso
463,briarwood drive 2832,santiago
654,pleasant street 863,arica
989,orchard avenue 2596,la ligua
468,devon court 3929,valparaiso
632,linden avenue 1131,providencia
467,route 30 2029,punta arenas
282,pleasant street 4409,san joaquin
187,rose street 405,valparaiso
323,fairway drive 1177,coquimbo
385,essex court 2721,la ligua
636,atlantic avenue 4905,buin
427,garfield avenue 3781,san joaquin
917,pleasant street 227,san joaquin
900,charles street 981,la ligua
922,williams street 2537,providencia
225,willow avenue 4908,la ligua
66,cedar avenue 3816,la ligua
126,highland drive 950,santiago
205,arlington avenue 4816,punta arenas
612,briarwood drive 4395,arica
866,cottage street 1127,santiago
1072,king street 4660,santiago
87,route 1 3135,san joaquin
367,river street 2671,coquimbo
725,andover court 1601,buin
941,ann street 4048,arica
679,route 30 2754,buin
338,clay street 576,la serena
1058,linden avenue 3864,san joaquin
573,cottage street 866,la serena
538,country club road 730,coquimbo
