pid,tipo_licencia,vid
91,auto,52
122,auto,58
616,moto,63
84,no es necesaria,82
768,auto,56
350,moto,15
21,auto,31
414,auto,12
555,no es necesaria,96
813,moto,111
467,moto,92
309,no es necesaria,82
644,vehiculo de carga,65
689,auto,18
34,auto,28
552,no es necesaria,34
383,no es necesaria,16
327,vehiculo de carga,86
577,no es necesaria,53
167,no es necesaria,53
479,auto,114
376,auto,46
728,no es necesaria,108
321,auto,99
753,moto,24
441,moto,9
652,auto,38
289,moto,11
758,auto,66
540,no es necesaria,112
432,auto,33
823,vehiculo de carga,86
444,vehiculo de carga,23
99,auto,109
525,auto,39
232,auto,41
183,no es necesaria,21
1,moto,89
758,moto,111
103,vehiculo de carga,26
345,auto,43
670,moto,27
521,moto,91
813,moto,92
44,auto,7
658,moto,10
403,no es necesaria,108
785,auto,100
318,auto,7
273,no es necesaria,21
93,vehiculo de carga,65
625,auto,59
536,moto,11
127,no es necesaria,112
168,moto,97
39,vehiculo de carga,49
599,auto,43
635,moto,63
269,vehiculo de carga,23
384,no es necesaria,45
168,auto,4
93,no es necesaria,82
535,moto,80
285,vehiculo de carga,23
763,moto,98
486,auto,38
385,moto,98
667,auto,103
358,auto,25
691,moto,80
0,moto,72
3,auto,84
344,auto,109
555,moto,98
347,auto,103
455,auto,7
172,vehiculo de carga,65
520,no es necesaria,74
382,auto,93
11,auto,114
507,no es necesaria,74
200,auto,59
395,no es necesaria,62
24,auto,85
467,no es necesaria,50
115,auto,77
503,vehiculo de carga,17
495,auto,73
235,auto,59
608,moto,61
567,auto,64
266,vehiculo de carga,83
353,auto,14
710,auto,58
266,auto,25
15,moto,79
40,auto,14
185,auto,114
400,moto,80
671,auto,46
259,auto,75
394,moto,48
36,auto,93
274,moto,79
554,vehiculo de carga,68
464,moto,3
184,auto,14
777,no es necesaria,35
616,auto,58
357,vehiculo de carga,17
677,auto,46
496,moto,76
679,auto,33
100,auto,56
227,moto,11
281,auto,43
340,auto,51
475,moto,92
323,moto,89
82,auto,81
142,vehiculo de carga,26
269,auto,105
664,auto,14
568,auto,7
382,no es necesaria,50
140,auto,46
393,auto,46
356,auto,43
335,auto,46
120,vehiculo de carga,70
797,vehiculo de carga,70
484,auto,32
198,auto,46
429,no es necesaria,104
485,auto,55
28,auto,95
96,vehiculo de carga,70
124,no es necesaria,82
517,auto,109
61,no es necesaria,104
425,vehiculo de carga,70
416,moto,9
524,moto,48
365,no es necesaria,45
3,auto,33
296,auto,66
598,no es necesaria,6
149,auto,31
259,auto,100
463,auto,66
566,auto,58
396,vehiculo de carga,17
24,auto,102
194,moto,9
205,auto,4
158,auto,85
619,vehiculo de carga,115
595,auto,58
678,moto,10
220,auto,100
620,moto,89
377,auto,88
676,auto,32
298,auto,51
351,moto,91
435,moto,69
265,moto,15
581,auto,19
663,auto,51
366,no es necesaria,35
814,moto,79
452,auto,102
362,auto,90
676,auto,41
274,no es necesaria,45
283,no es necesaria,50
173,auto,19
803,moto,3
102,vehiculo de carga,65
442,no es necesaria,30
474,no es necesaria,6
516,no es necesaria,22
612,moto,76
2,moto,61
286,auto,7
697,no es necesaria,108
643,auto,88
284,auto,7
89,auto,19
126,auto,81
353,auto,51
86,auto,90
362,auto,109
410,auto,18
145,moto,78
674,auto,64
385,auto,32
709,auto,28
773,auto,113
712,no es necesaria,21
706,no es necesaria,34
178,no es necesaria,50
109,auto,12
238,auto,28
210,auto,32
744,auto,2
365,vehiculo de carga,86
380,auto,109
639,auto,93
790,no es necesaria,42
705,moto,11
59,auto,4
725,auto,14
486,auto,103
299,moto,80
128,no es necesaria,35
141,auto,0
505,moto,8
566,no es necesaria,108
409,no es necesaria,42
189,moto,24
663,no es necesaria,22
154,vehiculo de carga,17
779,auto,12
693,no es necesaria,6
566,auto,19
196,auto,105
818,auto,0
131,auto,31
315,no es necesaria,22
403,auto,14
407,moto,1
53,auto,40
745,auto,102
475,auto,105
435,auto,18
631,auto,36
329,auto,105
629,auto,51
634,vehiculo de carga,83
36,no es necesaria,62
643,auto,102
422,auto,33
421,no es necesaria,108
173,no es necesaria,96
705,vehiculo de carga,23
26,no es necesaria,6
329,vehiculo de carga,115
302,auto,31
148,no es necesaria,42
246,no es necesaria,29
365,auto,87
390,auto,71
179,vehiculo de carga,68
327,no es necesaria,53
487,auto,73
606,auto,113
219,moto,97
514,moto,78
514,vehiculo de carga,49
763,auto,81
361,vehiculo de carga,107
400,auto,36
710,auto,71
592,auto,52
479,no es necesaria,42
156,no es necesaria,6
25,auto,84
347,no es necesaria,53
598,no es necesaria,16
536,moto,8
579,auto,101
415,vehiculo de carga,83
460,auto,58
371,auto,110
484,no es necesaria,67
794,auto,19
617,no es necesaria,44
694,no es necesaria,6
722,no es necesaria,22
669,auto,106
632,auto,110
287,auto,25
283,auto,19
805,moto,72
199,auto,87
38,moto,1
815,auto,59
15,no es necesaria,35
655,no es necesaria,16
435,auto,13
618,moto,10
695,auto,87
531,auto,64
177,auto,84
777,auto,71
665,no es necesaria,21
692,moto,24
415,no es necesaria,74
551,auto,5
23,auto,114
552,auto,103
478,moto,37
758,auto,31
813,auto,18
58,vehiculo de carga,49
248,auto,59
646,vehiculo de carga,26
391,auto,14
382,auto,85
695,vehiculo de carga,26
14,no es necesaria,35
591,auto,18
302,no es necesaria,112
58,moto,3
29,vehiculo de carga,86
251,auto,58
314,auto,7
711,auto,40
415,moto,24
276,vehiculo de carga,65
577,no es necesaria,74
812,auto,31
617,auto,14
773,auto,105
601,no es necesaria,35
210,moto,72
126,no es necesaria,108
488,moto,79
791,no es necesaria,53
160,auto,32
220,auto,101
21,auto,41
15,auto,99
509,moto,11
285,auto,93
553,moto,10
109,moto,72
389,moto,69
562,auto,109
460,no es necesaria,108
26,auto,66
71,auto,0
630,auto,64
368,no es necesaria,35
503,auto,40
460,moto,15
683,auto,105
240,auto,7
642,auto,85
671,auto,85
174,auto,73
725,no es necesaria,94
633,moto,9
576,vehiculo de carga,115
534,auto,114
720,no es necesaria,21
221,auto,88
332,vehiculo de carga,65
502,auto,4
397,vehiculo de carga,115
357,no es necesaria,42
277,auto,109
728,auto,33
403,auto,59
402,auto,109
804,no es necesaria,44
205,moto,97
1,auto,32
463,auto,93
3,auto,12
43,vehiculo de carga,17
167,vehiculo de carga,54
125,vehiculo de carga,115
75,no es necesaria,30
704,no es necesaria,29
86,moto,91
667,auto,43
723,no es necesaria,22
603,moto,91
790,auto,13
58,no es necesaria,67
733,no es necesaria,21
706,moto,69
470,moto,8
192,auto,87
332,auto,18
262,auto,105
430,moto,78
818,moto,80
213,no es necesaria,96
760,moto,78
576,no es necesaria,53
254,auto,75
318,auto,102
274,no es necesaria,94
470,auto,12
436,auto,13
414,no es necesaria,35
452,auto,40
445,vehiculo de carga,54
458,vehiculo de carga,20
539,no es necesaria,50
761,auto,66
762,no es necesaria,21
316,auto,0
233,auto,58
51,auto,51
236,auto,18
23,no es necesaria,50
379,moto,15
633,vehiculo de carga,23
328,auto,114
557,auto,85
245,auto,28
792,moto,91
127,vehiculo de carga,49
726,auto,85
95,moto,80
762,vehiculo de carga,17
287,auto,66
288,no es necesaria,35
216,moto,78
329,no es necesaria,22
264,auto,81
556,vehiculo de carga,68
142,auto,102
738,auto,103
367,moto,111
250,moto,3
574,auto,55
733,auto,52
722,auto,28
687,auto,38
228,auto,93
316,auto,5
778,auto,31
463,no es necesaria,62
425,auto,36
664,moto,92
213,moto,3
151,no es necesaria,34
144,auto,106
702,vehiculo de carga,107
379,no es necesaria,62
65,auto,85
680,auto,19
711,auto,7
536,no es necesaria,53
402,auto,64
410,vehiculo de carga,70
526,moto,9
351,auto,39
371,auto,46
247,moto,11
372,auto,105
377,auto,105
702,moto,63
773,auto,39
702,moto,37
425,moto,11
116,no es necesaria,96
759,auto,85
230,auto,99
137,no es necesaria,82
720,auto,57
661,auto,75
799,auto,66
512,auto,46
798,vehiculo de carga,107
75,moto,3
708,moto,61
73,moto,72
160,auto,7
151,auto,77
288,no es necesaria,44
300,auto,58
385,vehiculo de carga,20
165,vehiculo de carga,23
515,auto,18
783,moto,63
362,auto,7
608,auto,38
378,auto,33
745,no es necesaria,16
61,auto,85
690,no es necesaria,29
718,no es necesaria,108
737,auto,77
200,moto,97
611,vehiculo de carga,26
459,auto,46
446,auto,90
694,moto,61
25,auto,87
222,auto,64
631,auto,12
245,no es necesaria,22
600,moto,15
396,moto,27
682,vehiculo de carga,49
416,auto,46
564,auto,25
474,auto,77
394,auto,31
259,auto,56
628,vehiculo de carga,54
689,auto,101
100,auto,95
601,auto,4
104,auto,33
397,no es necesaria,42
687,no es necesaria,22
131,no es necesaria,30
606,moto,8
631,auto,84
388,no es necesaria,42
785,no es necesaria,50
34,moto,15
436,auto,33
410,auto,31
448,vehiculo de carga,65
620,auto,73
720,moto,80
474,no es necesaria,44
331,auto,33
335,no es necesaria,35
160,auto,57
816,auto,19
548,auto,14
804,moto,10
772,vehiculo de carga,20
507,auto,32
512,moto,61
614,auto,85
242,moto,98
323,moto,1
133,moto,15
146,auto,85
785,auto,75
286,vehiculo de carga,23
556,no es necesaria,62
99,no es necesaria,62
704,vehiculo de carga,17
570,auto,52
395,auto,12
513,auto,106
505,no es necesaria,62
519,no es necesaria,74
378,no es necesaria,6
277,auto,32
612,no es necesaria,50
635,moto,3
520,auto,4
270,no es necesaria,6
267,no es necesaria,67
618,auto,56
67,moto,92
515,no es necesaria,34
560,no es necesaria,22
823,moto,48
559,auto,13
151,auto,73
621,auto,33
412,auto,81
230,no es necesaria,94
488,vehiculo de carga,17
253,no es necesaria,67
681,no es necesaria,29
199,no es necesaria,45
239,moto,24
221,no es necesaria,42
321,moto,24
141,vehiculo de carga,20
129,auto,85
464,moto,76
609,auto,2
608,moto,79
731,moto,80
546,auto,28
801,auto,12
42,no es necesaria,42
568,moto,15
114,vehiculo de carga,17
570,auto,14
376,no es necesaria,16
133,no es necesaria,45
4,moto,63
793,auto,40
55,auto,14
269,auto,19
109,auto,103
33,no es necesaria,45
296,auto,87
672,no es necesaria,74
458,auto,52
756,auto,85
34,moto,1
93,vehiculo de carga,49
653,moto,10
317,auto,75
85,auto,85
355,no es necesaria,60
216,moto,15
344,auto,38
33,vehiculo de carga,23
661,no es necesaria,35
104,auto,110
680,auto,64
9,auto,77
557,no es necesaria,45
551,auto,0
683,moto,8
584,moto,97
809,auto,106
262,moto,3
496,auto,14
703,auto,95
331,auto,38
478,no es necesaria,21
172,vehiculo de carga,23
346,no es necesaria,35
723,auto,5
268,no es necesaria,96
508,vehiculo de carga,26
375,moto,61
736,auto,90
334,no es necesaria,34
590,auto,28
452,vehiculo de carga,115
44,no es necesaria,47
128,auto,51
467,auto,99
619,auto,71
741,auto,100
385,vehiculo de carga,83
601,auto,73
309,moto,69
157,no es necesaria,94
315,no es necesaria,104
603,no es necesaria,50
496,auto,13
715,no es necesaria,21
760,auto,14
97,vehiculo de carga,65
416,auto,81
561,moto,15
645,no es necesaria,34
172,no es necesaria,82
354,moto,91
304,moto,111
581,moto,48
584,vehiculo de carga,54
79,no es necesaria,42
791,moto,48
4,vehiculo de carga,68
55,auto,5
487,auto,12
214,auto,102
542,no es necesaria,62
39,no es necesaria,96
324,no es necesaria,53
800,no es necesaria,47
181,auto,31
475,vehiculo de carga,26
820,moto,76
543,vehiculo de carga,54
91,moto,9
612,auto,55
189,auto,109
363,auto,5
243,auto,88
582,auto,52
0,vehiculo de carga,26
55,auto,38
567,no es necesaria,6
258,auto,100
809,vehiculo de carga,70
582,moto,98
149,auto,87
267,auto,84
227,auto,81
577,no es necesaria,104
753,moto,1
228,auto,38
199,auto,77
818,no es necesaria,96
222,moto,61
123,vehiculo de carga,86
486,auto,41
472,auto,116
760,moto,72
367,auto,100
73,no es necesaria,53
103,moto,48
161,auto,71
797,auto,4
441,auto,12
711,auto,32
333,moto,98
798,vehiculo de carga,70
495,moto,9
28,auto,105
228,no es necesaria,16
397,auto,90
119,auto,46
505,moto,9
179,moto,79
803,auto,77
123,auto,32
642,vehiculo de carga,68
141,auto,99
217,auto,93
275,moto,1
306,auto,57
222,moto,97
682,auto,101
639,auto,56
399,no es necesaria,22
680,no es necesaria,108
465,no es necesaria,45
23,auto,38
628,no es necesaria,42
8,no es necesaria,53
354,auto,100
442,vehiculo de carga,70
804,moto,3
550,auto,102
591,vehiculo de carga,20
816,moto,10
217,auto,64
395,moto,63
414,no es necesaria,96
224,vehiculo de carga,49
700,auto,57
590,no es necesaria,50
146,auto,73
219,auto,46
530,auto,13
350,no es necesaria,34
608,no es necesaria,45
358,auto,109
154,moto,37
6,vehiculo de carga,83
574,moto,98
228,auto,14
29,auto,81
432,auto,28
731,auto,75
140,no es necesaria,22
137,auto,43
546,auto,66
508,vehiculo de carga,68
701,auto,2
248,no es necesaria,50
554,auto,19
51,auto,28
282,auto,75
43,auto,81
467,moto,27
548,no es necesaria,42
390,moto,69
493,auto,90
253,auto,84
756,auto,77
145,moto,69
142,auto,41
787,auto,99
394,auto,105
188,auto,77
564,moto,61
630,auto,105
595,moto,91
475,no es necesaria,45
376,auto,38
446,auto,109
236,no es necesaria,22
32,moto,91
174,no es necesaria,62
609,no es necesaria,74
233,moto,10
302,no es necesaria,94
506,vehiculo de carga,68
441,no es necesaria,45
324,auto,25
723,auto,109
633,no es necesaria,74
809,auto,2
802,auto,36
248,auto,18
802,auto,71
314,auto,40
602,auto,38
699,auto,85
369,no es necesaria,53
124,auto,87
100,moto,80
89,moto,89
678,auto,87
104,auto,59
340,auto,7
459,auto,40
389,auto,73
153,no es necesaria,47
183,auto,57
483,auto,41
654,auto,101
599,moto,79
196,auto,41
689,vehiculo de carga,107
667,moto,9
368,no es necesaria,21
93,no es necesaria,74
485,no es necesaria,62
476,auto,100
464,auto,105
437,vehiculo de carga,20
275,auto,57
539,no es necesaria,94
91,auto,43
678,auto,95
224,auto,113
254,auto,18
300,auto,31
523,auto,46
559,auto,41
555,moto,91
63,auto,73
753,auto,33
421,auto,85
524,auto,12
657,moto,48
559,auto,81
327,auto,105
787,vehiculo de carga,107
509,auto,36
584,auto,4
14,auto,110
148,auto,55
742,auto,99
692,auto,36
791,moto,78
680,auto,46
346,no es necesaria,44
430,vehiculo de carga,49
250,moto,91
12,moto,15
383,no es necesaria,108
682,no es necesaria,6
275,moto,27
576,auto,64
214,auto,39
455,vehiculo de carga,70
718,no es necesaria,42
276,no es necesaria,45
396,moto,78
802,auto,59
332,auto,106
686,auto,103
628,moto,111
205,moto,8
820,auto,106
658,auto,32
95,auto,90
40,moto,111
380,auto,14
120,auto,56
327,auto,41
378,moto,10
712,auto,28
699,no es necesaria,30
653,vehiculo de carga,23
435,moto,79
245,no es necesaria,82
430,vehiculo de carga,20
661,auto,77
635,auto,7
814,auto,2
523,no es necesaria,16
823,no es necesaria,60
187,moto,27
399,auto,113
537,auto,116
563,auto,58
814,vehiculo de carga,26
536,auto,109
411,no es necesaria,34
63,moto,24
733,auto,90
276,moto,78
620,moto,3
777,auto,105
794,vehiculo de carga,23
258,vehiculo de carga,68
72,moto,9
289,no es necesaria,44
736,moto,10
756,auto,0
331,auto,57
347,no es necesaria,47
445,moto,27
760,auto,56
407,vehiculo de carga,49
556,auto,93
137,auto,103
445,vehiculo de carga,107
624,auto,66
378,auto,4
700,vehiculo de carga,86
73,moto,78
718,auto,93
560,auto,41
18,auto,4
253,auto,103
156,auto,59
59,auto,19
478,moto,91
463,moto,61
395,auto,73
630,auto,59
595,no es necesaria,35
586,auto,100
763,no es necesaria,29
519,auto,56
235,auto,105
36,no es necesaria,35
582,moto,24
703,vehiculo de carga,65
71,moto,78
116,moto,79
314,moto,10
706,auto,103
707,auto,25
65,moto,111
593,no es necesaria,60
813,auto,100
254,auto,2
273,no es necesaria,44
744,auto,40
146,vehiculo de carga,68
63,auto,102
274,auto,84
388,auto,75
363,auto,39
520,auto,84
720,no es necesaria,74
336,auto,90
745,moto,1
282,no es necesaria,42
654,moto,69
466,no es necesaria,82
238,moto,27
693,moto,3
133,vehiculo de carga,26
778,auto,51
99,auto,19
376,no es necesaria,62
296,no es necesaria,34
168,auto,38
381,no es necesaria,74
145,no es necesaria,112
605,no es necesaria,29
652,moto,72
495,moto,79
145,vehiculo de carga,70
362,auto,38
634,moto,24
543,auto,100
40,no es necesaria,67
488,auto,40
185,no es necesaria,21
645,no es necesaria,104
733,vehiculo de carga,49
230,auto,93
598,no es necesaria,112
518,auto,93
615,moto,37
184,auto,113
25,auto,95
537,moto,10
790,moto,15
20,auto,32
342,vehiculo de carga,86
97,no es necesaria,53
328,vehiculo de carga,54
97,moto,63
710,vehiculo de carga,115
289,no es necesaria,16
101,no es necesaria,21
518,no es necesaria,53
624,moto,15
578,moto,78
593,no es necesaria,16
304,vehiculo de carga,86
725,auto,28
655,auto,75
477,auto,71
424,moto,24
625,vehiculo de carga,86
742,moto,89
639,auto,114
518,no es necesaria,60
511,no es necesaria,112
304,vehiculo de carga,54
410,moto,10
49,auto,66
614,vehiculo de carga,107
442,moto,69
372,vehiculo de carga,115
423,no es necesaria,50
206,no es necesaria,112
606,auto,57
665,moto,37
646,vehiculo de carga,65
412,moto,69
502,auto,90
404,auto,93
52,no es necesaria,35
103,auto,36
298,auto,84
513,moto,79
511,vehiculo de carga,115
363,no es necesaria,53
455,auto,32
707,moto,76
257,auto,81
632,auto,25
573,auto,116
311,auto,18
619,auto,0
284,moto,1
462,auto,7
512,no es necesaria,67
567,auto,31
699,vehiculo de carga,65
287,no es necesaria,16
37,no es necesaria,22
281,auto,25
158,vehiculo de carga,49
227,auto,93
194,auto,66
32,vehiculo de carga,26
654,no es necesaria,74
624,moto,69
126,auto,51
106,vehiculo de carga,49
643,vehiculo de carga,115
702,no es necesaria,112
640,no es necesaria,6
342,no es necesaria,94
298,no es necesaria,53
109,auto,14
369,auto,58
513,auto,51
429,vehiculo de carga,49
128,no es necesaria,104
562,no es necesaria,44
254,auto,113
542,vehiculo de carga,115
345,auto,39
132,moto,91
104,moto,69
42,auto,19
716,vehiculo de carga,65
243,no es necesaria,74
526,auto,87
664,auto,90
375,vehiculo de carga,65
582,auto,28
673,no es necesaria,96
187,auto,32
331,auto,13
477,auto,64
511,auto,28
342,auto,52
262,no es necesaria,35
316,no es necesaria,74
265,no es necesaria,34
578,moto,89
156,auto,103
273,moto,3
783,auto,28
573,auto,55
517,moto,98
384,auto,28
267,moto,111
240,moto,97
602,moto,89
490,auto,87
335,no es necesaria,94
479,no es necesaria,96
398,no es necesaria,94
658,no es necesaria,62
483,auto,32
392,auto,109
381,auto,102
602,auto,99
11,no es necesaria,16
573,moto,8
614,auto,38
169,moto,91
14,no es necesaria,62
731,no es necesaria,34
313,vehiculo de carga,17
673,no es necesaria,35
95,vehiculo de carga,107
715,no es necesaria,44
173,no es necesaria,6
516,moto,98
780,auto,4
423,vehiculo de carga,107
172,moto,89
194,auto,101
737,no es necesaria,104
497,moto,98
216,moto,91
615,moto,24
384,moto,63
12,moto,8
220,no es necesaria,50
575,vehiculo de carga,23
484,auto,103
191,auto,64
553,auto,58
618,moto,24
690,moto,11
768,auto,14
768,auto,12
483,auto,114
158,auto,5
89,auto,43
122,no es necesaria,108
324,no es necesaria,22
103,auto,93
221,auto,64
652,auto,77
421,no es necesaria,47
300,no es necesaria,108
65,vehiculo de carga,70
698,no es necesaria,47
550,vehiculo de carga,20
116,auto,93
660,auto,36
520,auto,99
84,auto,39
42,auto,64
183,auto,88
273,auto,31
115,auto,81
324,no es necesaria,82
313,auto,105
525,moto,9
168,no es necesaria,74
546,vehiculo de carga,17
794,auto,105
84,auto,58
38,auto,7
787,no es necesaria,21
686,auto,12
664,moto,1
615,auto,5
661,auto,7
151,no es necesaria,62
535,moto,111
315,auto,18
259,no es necesaria,35
690,vehiculo de carga,54
296,moto,80
23,no es necesaria,22
240,auto,101
683,no es necesaria,29
136,vehiculo de carga,23
657,no es necesaria,60
506,moto,37
630,vehiculo de carga,86
351,auto,28
409,moto,24
407,vehiculo de carga,68
99,moto,9
291,vehiculo de carga,26
792,auto,25
799,moto,61
717,moto,8
575,moto,27
669,moto,79
187,auto,14
366,auto,114
61,auto,4
372,vehiculo de carga,23
381,auto,55
411,auto,32
130,moto,37
221,moto,27
243,moto,69
153,moto,89
815,vehiculo de carga,115
779,no es necesaria,22
154,no es necesaria,67
734,moto,79
432,moto,69
6,no es necesaria,47
761,vehiculo de carga,26
600,vehiculo de carga,83
404,auto,85
153,auto,13
677,auto,38
708,moto,15
578,no es necesaria,44
636,no es necesaria,74
810,no es necesaria,47
563,vehiculo de carga,17
289,vehiculo de carga,49
369,no es necesaria,104
207,auto,81
86,moto,37
281,vehiculo de carga,17
96,auto,101
392,moto,63
306,auto,102
53,auto,59
543,auto,66
591,no es necesaria,29
220,moto,8
118,auto,0
515,moto,78
497,vehiculo de carga,70
424,auto,57
705,no es necesaria,16
33,auto,88
812,moto,1
120,auto,52
625,auto,12
246,auto,46
183,auto,114
323,no es necesaria,30
334,no es necesaria,44
311,auto,46
277,moto,10
318,auto,87
644,auto,99
96,no es necesaria,16
591,auto,32
641,vehiculo de carga,17
757,auto,0
206,no es necesaria,21
192,auto,109
154,auto,85
114,no es necesaria,67
58,vehiculo de carga,20
797,auto,28
115,no es necesaria,22
392,auto,39
611,moto,48
291,auto,19
554,auto,90
615,auto,116
515,auto,90
339,auto,88
691,no es necesaria,104
350,auto,41
388,auto,55
523,moto,27
726,auto,28
306,auto,81
240,auto,38
534,auto,85
398,auto,46
264,moto,98
715,auto,13
118,auto,31
216,vehiculo de carga,83
710,auto,40
29,no es necesaria,6
811,no es necesaria,47
462,moto,69
75,vehiculo de carga,70
636,auto,46
693,no es necesaria,34
110,auto,64
619,auto,18
200,vehiculo de carga,20
444,auto,102
33,auto,87
554,auto,100
79,moto,97
133,auto,109
692,auto,103
9,no es necesaria,74
356,auto,33
586,auto,46
816,moto,61
803,moto,1
531,auto,100
177,auto,55
657,moto,111
768,auto,100
118,vehiculo de carga,86
423,auto,55
741,moto,80
317,auto,32
474,auto,114
574,auto,57
118,vehiculo de carga,70
291,auto,41
335,moto,80
477,vehiculo de carga,20
270,no es necesaria,104
357,moto,72
744,auto,75
156,auto,2
28,moto,97
614,auto,31
358,auto,64
101,auto,59
381,moto,91
242,auto,100
687,moto,9
561,auto,110
660,vehiculo de carga,65
629,no es necesaria,35
355,auto,93
353,auto,0
738,no es necesaria,50
285,vehiculo de carga,26
497,auto,102
119,auto,71
697,vehiculo de carga,54
441,vehiculo de carga,83
333,moto,69
653,auto,12
742,auto,64
144,no es necesaria,108
276,no es necesaria,108
548,auto,55
575,no es necesaria,108
442,auto,58
598,auto,19
575,auto,32
496,auto,19
0,auto,0
65,auto,56
414,auto,59
357,no es necesaria,16
192,no es necesaria,30
674,auto,55
115,no es necesaria,16
681,auto,66
734,no es necesaria,108
188,no es necesaria,104
537,auto,100
167,auto,77
484,no es necesaria,16
246,auto,114
116,auto,71
397,no es necesaria,74
553,no es necesaria,74
26,auto,84
437,no es necesaria,104
123,auto,40
579,moto,91
465,auto,41
610,auto,64
715,no es necesaria,50
592,no es necesaria,60
321,auto,90
149,auto,0
810,auto,87
741,no es necesaria,6
140,no es necesaria,62
756,moto,76
262,moto,69
601,moto,98
592,auto,0
85,moto,24
181,auto,102
695,auto,25
539,no es necesaria,96
20,no es necesaria,108
803,no es necesaria,47
653,moto,11
707,no es necesaria,35
59,moto,89
506,auto,110
361,auto,114
238,moto,10
640,auto,114
181,vehiculo de carga,70
130,auto,51
448,auto,56
642,auto,25
780,moto,10
232,auto,14
110,moto,78
757,moto,15
167,no es necesaria,62
744,vehiculo de carga,49
485,auto,93
617,moto,3
336,no es necesaria,94
12,no es necesaria,82
416,no es necesaria,45
165,moto,98
106,moto,24
129,auto,33
459,auto,41
350,vehiculo de carga,23
483,no es necesaria,29
525,auto,87
525,moto,72
596,vehiculo de carga,26
550,moto,1
52,auto,33
86,auto,93
464,no es necesaria,74
291,moto,76
636,auto,36
548,auto,77
671,moto,79
698,no es necesaria,62
776,moto,97
37,no es necesaria,21
671,vehiculo de carga,26
540,moto,92
300,no es necesaria,96
67,no es necesaria,45
67,auto,99
539,vehiculo de carga,26
314,no es necesaria,44
119,no es necesaria,108
551,moto,61
437,moto,80
555,auto,87
456,no es necesaria,42
159,vehiculo de carga,49
711,moto,63
268,moto,61
299,moto,10
609,auto,25
351,moto,9
551,vehiculo de carga,20
523,vehiculo de carga,65
189,auto,31
25,auto,18
707,vehiculo de carga,107
636,auto,64
705,auto,88
736,auto,64
452,auto,55
42,auto,28
679,no es necesaria,94
264,auto,59
790,auto,2
772,auto,102
102,auto,55
749,no es necesaria,96
761,auto,105
96,auto,28
91,moto,79
466,vehiculo de carga,20
82,no es necesaria,96
20,auto,43
620,no es necesaria,94
315,auto,59
299,no es necesaria,6
429,auto,93
125,auto,58
712,moto,63
458,auto,73
779,auto,113
391,moto,24
165,auto,57
132,auto,75
403,moto,97
328,auto,7
694,moto,10
593,no es necesaria,45
377,vehiculo de carga,54
67,moto,78
382,auto,13
97,auto,46
345,auto,56
415,auto,114
646,no es necesaria,62
456,no es necesaria,34
393,vehiculo de carga,107
695,moto,78
502,moto,78
736,moto,15
654,no es necesaria,108
389,no es necesaria,108
36,auto,90
136,no es necesaria,108
797,moto,48
785,auto,28
798,auto,90
287,no es necesaria,42
159,vehiculo de carga,65
316,auto,59
799,auto,18
728,no es necesaria,29
286,moto,63
181,auto,101
72,no es necesaria,6
161,auto,36
610,vehiculo de carga,17
534,no es necesaria,22
612,auto,90
169,no es necesaria,45
217,auto,116
804,no es necesaria,21
641,auto,85
242,auto,93
21,moto,27
323,auto,95
191,auto,33
478,auto,2
805,auto,71
424,auto,88
676,auto,38
776,moto,69
716,moto,9
701,auto,88
119,moto,9
618,auto,38
159,vehiculo de carga,86
157,moto,89
55,auto,100
345,auto,14
635,auto,28
737,auto,19
655,no es necesaria,60
476,no es necesaria,50
243,auto,4
621,vehiculo de carga,115
429,no es necesaria,35
718,no es necesaria,82
214,moto,37
398,no es necesaria,35
534,moto,111
466,auto,18
38,vehiculo de carga,20
247,auto,57
39,moto,37
670,auto,66
603,moto,111
157,vehiculo de carga,83
18,moto,98
336,no es necesaria,35
579,auto,39
61,no es necesaria,50
728,moto,11
20,no es necesaria,60
815,auto,40
444,no es necesaria,60
535,no es necesaria,34
95,vehiculo de carga,20
142,moto,92
129,auto,4
39,no es necesaria,21
559,auto,14
603,moto,63
595,no es necesaria,60
198,auto,25
230,auto,71
693,auto,41
691,no es necesaria,34
681,auto,71
177,auto,103
257,auto,12
368,auto,32
270,vehiculo de carga,83
207,auto,64
602,moto,78
37,moto,76
472,moto,1
127,moto,9
600,vehiculo de carga,68
717,moto,63
141,no es necesaria,53
678,auto,4
772,moto,76
584,moto,98
486,auto,109
2,no es necesaria,67
759,auto,87
645,auto,110
689,vehiculo de carga,17
749,no es necesaria,21
655,no es necesaria,47
236,no es necesaria,45
422,auto,99
224,auto,40
513,moto,1
257,auto,31
32,vehiculo de carga,65
518,auto,2
811,auto,19
178,auto,7
472,no es necesaria,50
466,no es necesaria,60
239,moto,11
49,auto,88
672,moto,27
801,auto,99
425,moto,37
531,auto,99
191,moto,78
629,no es necesaria,22
810,auto,103
521,moto,89
18,moto,10
128,no es necesaria,6
205,no es necesaria,44
579,vehiculo de carga,86
479,auto,58
757,auto,25
793,auto,110
185,no es necesaria,50
75,auto,102
82,auto,59
144,moto,24
26,vehiculo de carga,17
191,no es necesaria,29
342,no es necesaria,42
699,auto,13
800,moto,3
187,vehiculo de carga,54
493,auto,73
507,auto,105
553,auto,28
596,moto,63
344,auto,64
334,auto,75
697,auto,66
530,auto,102
605,auto,116
339,vehiculo de carga,23
251,no es necesaria,35
490,auto,51
353,moto,76
