id,id_direccion,nombre
0,506,almacen centrales
1,1049,tesoros el dia 42
2,213,casa antigua
3,102,almendras almacen
4,429,fuera del atico
5,990,la casa de la abuela antiguedades
6,462,almacen camino
7,150,couture almacen
8,122,couture almacen
9,229,almacen idea
10,97,almacen caninos
11,1053,steak almacen
12,99,almendras almacen
13,387,almacen fluido
14,377,calle antigua
15,582,algortimos almacen
16,838,fuera del cofre
17,679,focus almacen
18,615,steak almacen
19,324,buqui almacen
20,523,familiares almacen
21,823,almacen afinidad
22,648,almacen andares
23,957,almacen almeja
24,283,almacen centrales
25,272,steak almacen
26,404,almacen centrales
27,841,almacen incidente
28,1094,almacen madera
29,1063,almacen tulipan
30,819,almacen autor
31,372,almacen colmena
32,777,paw almacen
33,208,almacen fluido
34,183,paw almacen
35,567,almacen cuspides
36,74,almacen cuspides
37,835,sustentables almacen
38,701,almacen ecuacion
39,1048,steak almacen
40,430,inversiones almacen
41,212,oda almacen
42,492,almacen madera
43,876,propiedades almacen
44,59,exito almacen
45,532,familiares almacen
46,528,almacen fortaleza
47,286,almacen camino
48,291,almacen petalos
49,21,almacen cables
50,257,fuera del cofre
51,1074,oda almacen
52,618,almacen petalos
53,90,almacen intensas
54,698,asteroide cofre
55,1068,almacen camino
56,1003,algortimos almacen
57,969,luz almacen
58,1084,la casa de la abuela antiguedades
59,494,almacen madera
60,670,fantasia almacen
61,145,pimienta almacen
62,773,oda almacen
63,285,almacen caninos
64,52,almacen camino
65,1088,el cofre del tesoro
66,1055,almacen estilo
67,241,almacen incidente
68,632,almacen elegante
69,93,almacen recreativas
70,962,almacen intensas
71,158,couture almacen
72,156,algortimos almacen
73,100,almacen fluido
74,1011,almacen hada
75,882,almacen incidente
76,539,almacen colmena
77,309,familiares almacen
78,172,lacio almacen
79,542,almacen ecuacion
80,393,antique me
81,866,propiedades almacen
82,950,quetzal almacen
83,613,fuera del atico
84,711,almacen hada
85,1061,almacen almeja
86,400,almacen intensas
87,594,buqui almacen
88,1064,backup almacen
89,182,fuera del atico
90,294,almacen receta
91,141,fuera del atico
92,657,almacen caninos
93,772,almacen cambio
94,858,steak almacen
95,730,almendras almacen
96,892,camelias almacen
97,225,luz almacen
98,987,almacen almeja
99,787,el cofre del tesoro
100,170,casa antigua
101,194,almacen fluido
